{"cameraMode":{"drawMode":0,"name":"Shaded","section":"Shading Mode"},"sceneLighting":true,"audioPlay":false,"sceneViewState":{"m_AlwaysRefresh":true,"showFog":true,"showSkybox":true,"showFlares":true,"showImageEffects":true,"showParticleSystems":true,"showVisualEffectGraphs":true,"m_FxEnabled":false},"in2DMode":false,"pivot":{"x":-15.698278427124024,"y":-9.861645698547364,"z":24.43682098388672},"rotation":{"x":0.17921333014965058,"y":-0.23992672562599183,"z":0.04463380202651024,"w":0.9532663226127625},"size":18.512876510620118,"orthographic":false}