{"cameraMode":{"drawMode":0,"name":"Shaded","section":"Shading Mode"},"sceneLighting":true,"audioPlay":false,"sceneViewState":{"m_AlwaysRefresh":true,"showFog":true,"showSkybox":true,"showFlares":true,"showImageEffects":true,"showParticleSystems":true,"showVisualEffectGraphs":true,"m_FxEnabled":true},"in2DMode":false,"pivot":{"x":2.9045772552490236,"y":5.874162673950195,"z":0.45784470438957217},"rotation":{"x":0.19781066477298737,"y":0.7866491079330444,"z":-0.31626054644584658,"w":0.49223387241363528},"size":5.600640296936035,"orthographic":false}