{"cameraMode":{"drawMode":0,"name":"Shaded","section":"Shading Mode"},"sceneLighting":true,"audioPlay":false,"sceneViewState":{"m_AlwaysRefresh":false,"showFog":true,"showSkybox":true,"showFlares":true,"showImageEffects":true,"showParticleSystems":true,"showVisualEffectGraphs":true,"m_FxEnabled":true},"in2DMode":false,"pivot":{"x":-1.5710270404815674,"y":1.0366047620773316,"z":4.661164283752441},"rotation":{"x":-0.017958424985408784,"y":-0.589078426361084,"z":0.013079799711704255,"w":-0.8078898191452026},"size":0.881630539894104,"orthographic":false}