{"cameraMode":{"drawMode":0,"name":"Shaded","section":"Shading Mode"},"sceneLighting":true,"audioPlay":false,"sceneViewState":{"m_AlwaysRefresh":true,"showFog":true,"showSkybox":true,"showFlares":true,"showImageEffects":true,"showParticleSystems":true,"showVisualEffectGraphs":true,"m_FxEnabled":true},"in2DMode":false,"pivot":{"x":-6.669279098510742,"y":10.668103218078614,"z":-1.2962229251861573},"rotation":{"x":-0.48988425731658938,"y":0.04759109020233154,"z":-0.026569418609142305,"w":-0.8702161312103272},"size":0.024298667907714845,"orthographic":false}